city,slope
Ahmedabad,7.139494708685347
Delhi,8.248006746981504
Jaipur,5.581295459906602
Lucknow,6.029804467118901
Pune,6.079613554396376
